Designator,Mid X,Mid Y,Layer,Rotation
C1,191.6000mm,-91.9000mm,Top,0.0
C2,188.4000mm,-95.6000mm,Top,0.0
C3,188.4000mm,-93.4000mm,Top,0.0
C4,204.7000mm,-92.6000mm,Top,0.0
C5,203.9500mm,-97.1500mm,Top,0.0
C6,198.9000mm,-75.7000mm,Top,90.0
C7,196.2000mm,-92.2000mm,Top,0.0
C8,212.9000mm,-97.7000mm,Top,90.0
C9,204.2000mm,-85.4750mm,Top,0.0
C10,197.7000mm,-76.4000mm,Top,-90.0
C11,212.9000mm,-95.7000mm,Top,90.0
C12,187.4000mm,-97.2000mm,Top,90.0
C13,204.4000mm,-78.9000mm,Top,0.0
C14,204.1500mm,-88.2000mm,Top,180.0
C15,212.9000mm,-101.7000mm,Top,-90.0
C16,212.9000mm,-90.5000mm,Top,-90.0
C17,189.9000mm,-92.6000mm,Top,-90.0
C18,201.2000mm,-93.5000mm,Top,90.0
C19,212.9000mm,-99.7000mm,Top,-90.0
C20,212.9000mm,-92.5000mm,Top,-90.0
C21,201.1000mm,-74.5000mm,Top,180.0
C22,180.2000mm,-97.8000mm,Top,-90.0
C23,189.4000mm,-89.8000mm,Top,-90.0
C24,188.2000mm,-94.6000mm,Top,180.0
C25,188.2000mm,-92.4000mm,Top,180.0
C26,205.0000mm,-79.9000mm,Top,0.0
C27,205.0000mm,-80.9000mm,Top,0.0
C30,201.2000mm,-77.4500mm,Top,180.0
C31,205.0000mm,-81.9000mm,Top,0.0
C32,202.5000mm,-98.8000mm,Top,90.0
C33,204.0000mm,-98.1000mm,Top,0.0
C34,201.2000mm,-76.5000mm,Top,180.0
C35,205.4000mm,-97.6000mm,Top,90.0
C36,204.6000mm,-100.9000mm,Top,-90.0
C37,196.6000mm,-73.5000mm,Top,-90.0
C38,197.6000mm,-74.5000mm,Top,90.0
C39,190.5000mm,-95.3000mm,Top,0.0
C40,188.9000mm,-97.0000mm,Top,90.0
D1,188.6000mm,-57.3000mm,Top,0.0
D2,192.3000mm,-57.3000mm,Top,0.0
D3,196.0000mm,-57.3000mm,Top,0.0
J2,183.8600mm,-82.7100mm,Top,0.0
J3,209.2600mm,-82.7100mm,Top,0.0
Q1,202.2000mm,-62.3000mm,Top,90.0
Q2,198.7000mm,-62.3000mm,Top,90.0
Q3,195.2000mm,-62.3000mm,Top,90.0
R5,188.9000mm,-80.2000mm,Top,180.0
R7,188.8500mm,-75.8000mm,Top,0.0
R8,190.3000mm,-63.9000mm,Top,0.0
R9,204.5000mm,-73.9000mm,Top,180.0
R10,205.2000mm,-70.0100mm,Top,180.0
R11,205.2000mm,-84.4500mm,Top,180.0
R12,190.3000mm,-74.8000mm,Top,-90.0
R13,187.4000mm,-62.6000mm,Top,-90.0
R14,179.9500mm,-100.5000mm,Top,90.0
R15,195.3000mm,-74.8000mm,Top,-90.0
R16,194.3000mm,-74.8000mm,Top,-90.0
R17,193.3000mm,-74.8000mm,Top,-90.0
R18,192.3000mm,-74.8000mm,Top,-90.0
R19,191.3000mm,-74.8000mm,Top,-90.0
R20,205.2000mm,-61.1200mm,Top,180.0
R21,205.2000mm,-63.6600mm,Top,180.0
R22,201.3500mm,-91.9500mm,Top,0.0
R23,188.6000mm,-59.3000mm,Top,180.0
R24,190.3000mm,-65.3000mm,Top,180.0
R27,192.3000mm,-59.3000mm,Top,180.0
R28,196.0000mm,-59.3000mm,Top,180.0
R29,188.5000mm,-100.9000mm,Top,-90.0
R30,188.9000mm,-84.4000mm,Top,180.0
R31,188.0000mm,-91.2000mm,Top,0.0
R32,188.0000mm,-90.0000mm,Top,0.0
U2,196.5600mm,-84.7250mm,Top,90.0
U3,204.1700mm,-76.3000mm,Top,0.0
U4,203.8500mm,-94.9000mm,Top,180.0
Y1,204.7000mm,-90.4000mm,Top,180.0
