Designator,Quantity,Value,Manufacturer,MPN,Footprint,LCSC,Digikey,Mouser,Assembled by JLCPCB
"C1,C2,C3,C4,C5,C6,C7,C9,C10,C13,C34,C35",12,100n,,CL05B104KB54PNC,C_0402,C307331,,,yes
"C8,C11,C12,C16,C17,C20,C21,C23,C25,C30,C31,C32,C33,C37,C38,C39,C40",17,1u,,GRM155R61C105KA12D,C_0402,C77006,490-10694-1-ND,81-GRM155R61C105KA12D,yes
C14,1,27p,,0402CG270J500NT,C_0402,C1557,,,yes
"C15,C22,C26",3,10u,,GRM155R60J106ME44D,C_0402,C76991,490-13811-2-ND,81-GRM155R60J106ME44D,yes
C18,1,22p,,GRM1555C1H220JA01D,C_0402,C76960,490-5868-1-ND,81-GRM1555C1H220JA01D,yes
"C19,C24,C27",3,10n,,GRM155R71H103KA88D,C_0402,C77019,490-4516-1-ND,81-GRM155R71H103KA88D,yes
C36,1,4n7,,C1210C472KGRACTU,C_1210,C2167834,,,yes
D1,1,Green,,LTST-C170GKT,LED_0805,C125090,160-1179-1-ND,859-LTST-C170GKT,yes
D2,1,Orange,,LTST-C170KFKT,LED_0805,C284931,160-1413-1-ND,859-LTST-C170KFKT,yes
D3,1,Red,,LTST-C170KRKT,LED_0805,C94868,160-1415-1-ND,859-LTST-C170KRKT,yes
J1,1,RJ45_1840888-1,BELFUSE,1840888-1,BEL_1840888-1,C5876366,5923-1840888-1-ND,TBD,no
"J2,J3",2,Header_18x02_2.54mm_2.54mm_Straight,,HC-PZ254-11.5L-2x18PZ,18x02_2.54mm_Header,C41376109,,,yes
"Q1,Q2,Q3",3,BSS138LT1G,,BSS138LT1G,SOT-23,C82045,BSS138LT1GOSCT-ND,863-BSS138LT1G,yes
"R5,R7,R32",3,2K49,,CRCW04022K49FKEDC,R_0402,C1730862,541-4867-1-ND,71-CRCW04022K49FKEDC,yes
"R8,R9,R10,R11,R12,R13,R14,R15,R16,R17,R18,R19",12,22R,,0402WGF220JTCE,R_0402,C25092,,,yes
"R20,R21,R24",3,2K2,,CRCW04022K20FKEDC,R_0402,C2076947,541-3971-1-ND,71-CRCW04022K20FKEDC,yes
R22,1,11K,,FRC0402F1102TS,R_0402,C2909313,,,yes
"R23,R27,R28",3,200R,,0402WGF2000TCE,R_0402,C25087,,,yes
R29,1,1M,,CRCW12061M00FKEA,R_1206,C844869,,,yes
"R30,R31",2,5K76,,FRC0402F5761TS,R_0402,C5153969,,,yes
"TP1,TP2,TP4,TP5,TP6,TP7,TP8",7,TestPoint_SMD,,,TestPoint_SMD_1.0x1.0mm,,,,no
U1,1,PocketBeagle2,,PocketBeagle 2,BeagleBoard_PocketBeagle,NA,2820-102110780-ND,TBD,no
U2,1,DP83867IRPAPR,,DP83867IRPAPR,HTQFP-64_10x10mm_P0.5mm,C477933,296-46083-1-ND,595-DP83867IRPAPR,yes
U3,1,TLV73311PDBVR,,TLV73311PDBVR,SOT-23-5,C2865431,,,yes
U4,1,TPS7A2025PDBVR,,TPS7A2025PDBVR,SOT-23-5,C2869949,296-TPS7A2025PDBVRCT-ND,595-TPS7A2025PDBVR,yes
Y1,1,25M,,ECS-2520MV-250-CN-TR,ECS-2520MV,C405464,XC2752TR-ND,TBD,yes
