Comment,Designator,Footprint,LCSC Part #,Manufacturer Part,Quantity
100n,"C1,C2,C3,C4,C5,C6,C7,C9,C10,C13,C34,C35",C_0402,C307331,CL05B104KB54PNC,12
1u,"C8,C11,C12,C16,C17,C20,C21,C23,C25,C30,C31,C32,C33,C37,C38,C39,C40",C_0402,C77006,GRM155R61C105KA12D,17
27p,C14,C_0402,C1557,0402CG270J500NT,1
10u,"C15,C22,C26",C_0402,C76991,GRM155R60J106ME44D,3
22p,C18,C_0402,C76960,GRM1555C1H220JA01D,1
10n,"C19,C24,C27",C_0402,C77019,GRM155R71H103KA88D,3
4n7,C36,C_1210,C2167834,C1210C472KGRACTU,1
Green,D1,LED_0805,C125090,LTST-C170GKT,1
Orange,D2,LED_0805,C284931,LTST-C170KFKT,1
Red,D3,LED_0805,C94868,LTST-C170KRKT,1
Header_18x02_2.54mm_2.54mm_Straight,"J2,J3",18x02_2.54mm_Header,C41376109,HC-PZ254-11.5L-2x18PZ,2
BSS138LT1G,"Q1,Q2,Q3",SOT-23,C82045,BSS138LT1G,3
2K49,"R5,R7,R32",R_0402,C1730862,CRCW04022K49FKEDC,3
22R,"R8,R9,R10,R11,R12,R13,R14,R15,R16,R17,R18,R19",R_0402,C25092,0402WGF220JTCE,12
2K2,"R20,R21,R24",R_0402,C2076947,CRCW04022K20FKEDC,3
11K,R22,R_0402,C2909313,FRC0402F1102TS,1
200R,"R23,R27,R28",R_0402,C25087,0402WGF2000TCE,3
1M,R29,R_1206,C844869,CRCW12061M00FKEA,1
5K76,"R30,R31",R_0402,C5153969,FRC0402F5761TS,2
DP83867IRPAPR,U2,HTQFP-64_10x10mm_P0.5mm,C477933,DP83867IRPAPR,1
TLV73311PDBVR,U3,SOT-23-5,C2865431,TLV73311PDBVR,1
TPS7A2025PDBVR,U4,SOT-23-5,C2869949,TPS7A2025PDBVR,1
25M,Y1,ECS-2520MV,C405464,ECS-2520MV-250-CN-TR,1
